<?xml version="1.0" encoding="UTF-8" standalone="yes"?>
    <addon id="plugin.video.paradoxwizard" name="Paradox Wizard" version="1.0.0" provider-name="Team Paradox">
        <requires>
            <import addon="xbmc.python" version="2.1.0" />
            <import addon="script.module.requests" version="1.1.0" />
            <import addon="script.module.addon.common" />
        </requires>
        <extension point="xbmc.python.pluginsource" library="default.py">
            <provides>video executable</provides>
        </extension>
        <extension point="xbmc.addon.metadata">
            <summary lang="en">Paradox Wizard</summary>
            <description lang="en">Paradox Wizard</description>
            <platform>all</platform>
        </extension>
    </addon>

