﻿<?xml version="1.0" encoding="UTF-8" standalone="yes"?>
<addon id="repository.paradox" name="Paradox Repository" version="1.0.1" provider-name="Paradox Team">
	<extension point="xbmc.addon.repository" name="TheBlackBox Repository">
		<info compressed="false">https://raw.githubusercontent.com/TheBlackBoxOSTV/_repo/master/addons.xml</info>
		<checksum>https://raw.githubusercontent.com/TheBlackBoxOSTV/_repo/master/addons.xml.md5</checksum>
		<datadir zip="true">https://raw.githubusercontent.com/TheBlackBoxOSTV/_repo/master/</datadir>
	</extension>
	<extension point="xbmc.addon.metadata">
		<summary>Install Paradox Addons</summary>
		<description>Download and install wizards and addons by the Paradox Team</description>
		<platform>all</platform>
	</extension>
</addon>

